{
  "CacheSourceKey": "11ac37c",
  "CachePdfKey": "11ac37c/11ac37c-h8q94j.pdf",
  "CacheXpzKey": "11ac37c/11ac37c-19azkxa.xpz",
  "CacheInfoKey": "11ac37c/11ac37c-19azkxa.json",
  "CacheCopyKey": null,
  "Document": "Type=Url;File=\"https://firebasestorage.googleapis.com/v0/b/webenterprise-8a158.appspot.com/o/assets%2F51a9be37-dafd-4a64-8d81-873fb50e5d77.docx?alt=media&token=c836a053-1311-4b9e-b927-5d27adeff31e\"",
  "DocumentFileName": "51a9be37-dafd-4a64-8d81-873fb50e5d77.docx",
  "DownloadFileName": null,
  "InputOptions": {
    "$type": "GleamTech.DocumentUltimate.WordProcessingInputOptions, GleamTech.DocumentUltimate",
    "FieldFileName": "51a9be37-dafd-4a64-8d81-873fb50e5d77.docx",
    "UpdateFields": true,
    "Encoding": null,
    "Format": "Docx",
    "Password": null
  },
  "PdfOutputOptions": {
    "Watermarks": [],
    "FastWebViewEnabled": false,
    "Password": null,
    "Attachments": [],
    "Format": "Pdf"
  },
  "XpzOutputOptions": {
    "Password": "11ac37c",
    "HighQualityEnabled": false,
    "Format": "Xpz"
  },
  "Attachments": []
}