{
  "CacheSourceKey": "koy228",
  "CachePdfKey": "koy228/koy228-1n5fcwl.pdf",
  "CacheXpzKey": "koy228/koy228-1levgm9.xpz",
  "CacheInfoKey": "koy228/koy228-1levgm9.json",
  "CacheCopyKey": null,
  "Document": "Type=Url;File=\"https://firebasestorage.googleapis.com/v0/b/webenterprise-8a158.appspot.com/o/assets%2Fdea53719-52d0-4ec8-ba5f-89162c8b65ed.docx?alt=media&token=471123ec-05df-4649-a0e1-f0d49246ca90\"",
  "DocumentFileName": "dea53719-52d0-4ec8-ba5f-89162c8b65ed.docx",
  "DownloadFileName": null,
  "InputOptions": {
    "$type": "GleamTech.DocumentUltimate.WordProcessingInputOptions, GleamTech.DocumentUltimate",
    "FieldFileName": "dea53719-52d0-4ec8-ba5f-89162c8b65ed.docx",
    "UpdateFields": true,
    "Encoding": null,
    "Format": "Docx",
    "Password": null
  },
  "PdfOutputOptions": {
    "Watermarks": [],
    "FastWebViewEnabled": false,
    "Password": null,
    "Attachments": [],
    "Format": "Pdf"
  },
  "XpzOutputOptions": {
    "Password": "koy228",
    "HighQualityEnabled": false,
    "Format": "Xpz"
  },
  "Attachments": []
}